<?xml version="1.0" encoding="UTF-8"?>
<java version="1.8.0_201" class="java.beans.XMLDecoder">
 <object class="org.eclipse.epp.internal.mpc.ui.catalog.MarketplaceInfo" id="MarketplaceInfo0">
  <void property="iuToNodeKey">
   <void method="put">
    <string>org.jboss.tools.forge.m2e.feature</string>
    <object class="java.util.ArrayList">
     <void method="add">
      <string>http://marketplace.eclipse.org#1617241</string>
     </void>
    </object>
   </void>
   <void method="put">
    <string>org.jboss.tools.maven.project.examples.feature</string>
    <object class="java.util.ArrayList">
     <void method="add">
      <string>http://marketplace.eclipse.org#1617241</string>
     </void>
    </object>
   </void>
   <void method="put">
    <string>org.deved.antlride.feature.integration.jdt</string>
    <object class="java.util.ArrayList">
     <void method="add">
      <string>http://marketplace.eclipse.org#1113</string>
     </void>
    </object>
   </void>
   <void method="put">
    <string>tern-server-nodejs-feature</string>
    <object class="java.util.ArrayList">
     <void method="add">
      <string>http://marketplace.eclipse.org#759140</string>
     </void>
    </object>
   </void>
   <void method="put">
    <string>com.vaadin.designer.eclipse</string>
    <object class="java.util.ArrayList">
     <void method="add">
      <string>http://marketplace.eclipse.org#1023</string>
     </void>
    </object>
   </void>
   <void method="put">
    <string>org.openl.rules.all.eclipse.feature</string>
    <object class="java.util.ArrayList">
     <void method="add">
      <string>http://marketplace.eclipse.org#6780</string>
     </void>
    </object>
   </void>
   <void method="put">
    <string>ch.netcetera.eclipse.workspaceconfig.feature</string>
    <object class="java.util.ArrayList">
     <void method="add">
      <string>http://marketplace.eclipse.org#1003</string>
     </void>
    </object>
   </void>
   <void method="put">
    <string>org.eclipse.jsf.feature</string>
    <object class="java.util.ArrayList">
     <void method="add">
      <string>http://marketplace.eclipse.org#2963451</string>
     </void>
    </object>
   </void>
   <void method="put">
    <string>org.eclipse.jpt.dbws.eclipselink.feature</string>
    <object class="java.util.ArrayList">
     <void method="add">
      <string>http://marketplace.eclipse.org#2963451</string>
     </void>
    </object>
   </void>
   <void method="put">
    <string>org.eclipse.egit</string>
    <object class="java.util.ArrayList">
     <void method="add">
      <string>http://marketplace.eclipse.org#2963451</string>
     </void>
     <void method="add">
      <string>http://marketplace.eclipse.org#2963400</string>
     </void>
    </object>
   </void>
   <void method="put">
    <string>org.eclipse.wst.web_ui.feature</string>
    <object class="java.util.ArrayList">
     <void method="add">
      <string>http://marketplace.eclipse.org#2963451</string>
     </void>
     <void method="add">
      <string>http://marketplace.eclipse.org#2963400</string>
     </void>
    </object>
   </void>
   <void method="put">
    <string>org.jetbrains.kotlin.feature</string>
    <object class="java.util.ArrayList">
     <void method="add">
      <string>http://marketplace.eclipse.org#2257536</string>
     </void>
    </object>
   </void>
   <void method="put">
    <string>com.aspose.cells.java.maven</string>
    <object class="java.util.ArrayList">
     <void method="add">
      <string>http://marketplace.eclipse.org#2760117</string>
     </void>
    </object>
   </void>
   <void method="put">
    <string>org.jboss.tools.cdi.feature</string>
    <object class="java.util.ArrayList">
     <void method="add">
      <string>http://marketplace.eclipse.org#1617241</string>
     </void>
    </object>
   </void>
   <void method="put">
    <string>org.jboss.tools.foundation.feature</string>
    <object class="java.util.ArrayList">
     <void method="add">
      <string>http://marketplace.eclipse.org#1617241</string>
     </void>
    </object>
   </void>
   <void method="put">
    <string>org.jboss.tools.ws.jaxrs.feature</string>
    <object class="java.util.ArrayList">
     <void method="add">
      <string>http://marketplace.eclipse.org#1617241</string>
     </void>
    </object>
   </void>
   <void method="put">
    <string>com.genuitec.eclipse.code.navigation.feature</string>
    <object class="java.util.ArrayList">
     <void method="add">
      <string>http://marketplace.eclipse.org#4008412</string>
     </void>
    </object>
   </void>
   <void method="put">
    <string>com.mbartl.eclipse.viplugin.feature.feature.group</string>
    <object class="java.util.ArrayList">
     <void method="add">
      <string>http://marketplace.eclipse.org#192</string>
     </void>
    </object>
   </void>
   <void method="put">
    <string>org.jboss.tools.fuse.transformation.feature</string>
    <object class="java.util.ArrayList">
     <void method="add">
      <string>http://marketplace.eclipse.org#1617241</string>
     </void>
    </object>
   </void>
   <void method="put">
    <string>org.commonreality.core.feature</string>
    <object class="java.util.ArrayList">
     <void method="add">
      <string>http://marketplace.eclipse.org#7204</string>
     </void>
    </object>
   </void>
   <void method="put">
    <string>org.eclipse.m2e.wtp.feature</string>
    <object class="java.util.ArrayList">
     <void method="add">
      <string>http://marketplace.eclipse.org#2963451</string>
     </void>
    </object>
   </void>
   <void method="put">
    <string>org.jboss.tools.ws.jaxws.feature</string>
    <object class="java.util.ArrayList">
     <void method="add">
      <string>http://marketplace.eclipse.org#1617241</string>
     </void>
    </object>
   </void>
   <void method="put">
    <string>org.eclipse.jpt.common.feature</string>
    <object class="java.util.ArrayList">
     <void method="add">
      <string>http://marketplace.eclipse.org#2963451</string>
     </void>
    </object>
   </void>
   <void method="put">
    <string>org.jboss.tools.project.examples.feature</string>
    <object class="java.util.ArrayList">
     <void method="add">
      <string>http://marketplace.eclipse.org#1617241</string>
     </void>
    </object>
   </void>
   <void method="put">
    <string>com.wakatime.eclipse.feature</string>
    <object class="java.util.ArrayList">
     <void method="add">
      <string>http://marketplace.eclipse.org#1675077</string>
     </void>
    </object>
   </void>
   <void method="put">
    <string>org.antlr.v4</string>
    <object class="java.util.ArrayList">
     <void method="add">
      <string>http://marketplace.eclipse.org#945</string>
     </void>
    </object>
   </void>
   <void method="put">
    <string>jsonedit-feature</string>
    <object class="java.util.ArrayList">
     <void method="add">
      <string>http://marketplace.eclipse.org#945</string>
     </void>
    </object>
   </void>
   <void method="put">
    <string>org.eclipse.payara.tools</string>
    <object class="java.util.ArrayList">
     <void method="add">
      <string>http://marketplace.eclipse.org#4014208</string>
     </void>
    </object>
   </void>
   <void method="put">
    <string>org.deved.antlride.feature.viz</string>
    <object class="java.util.ArrayList">
     <void method="add">
      <string>http://marketplace.eclipse.org#1113</string>
     </void>
    </object>
   </void>
   <void method="put">
    <string>org.jboss.tools.openshift.io.feature</string>
    <object class="java.util.ArrayList">
     <void method="add">
      <string>http://marketplace.eclipse.org#1617241</string>
     </void>
    </object>
   </void>
   <void method="put">
    <string>org.oneclicklabs.hbase.plugin</string>
    <object class="java.util.ArrayList">
     <void method="add">
      <string>http://marketplace.eclipse.org#2289940</string>
     </void>
    </object>
   </void>
   <void method="put">
    <string>org.eclipse.cvs</string>
    <object class="java.util.ArrayList">
     <void method="add">
      <string>http://marketplace.eclipse.org#2963451</string>
     </void>
     <void method="add">
      <string>http://marketplace.eclipse.org#2963400</string>
     </void>
    </object>
   </void>
   <void method="put">
    <string>org.eclipse.wildwebdeveloper.feature</string>
    <object class="java.util.ArrayList">
     <void method="add">
      <string>http://marketplace.eclipse.org#3394048</string>
     </void>
    </object>
   </void>
   <void method="put">
    <string>org.jboss.tools.websockets.feature</string>
    <object class="java.util.ArrayList">
     <void method="add">
      <string>http://marketplace.eclipse.org#1617241</string>
     </void>
    </object>
   </void>
   <void method="put">
    <string>org.eclipse.jpt.jaxb.eclipselink.feature</string>
    <object class="java.util.ArrayList">
     <void method="add">
      <string>http://marketplace.eclipse.org#2963451</string>
     </void>
    </object>
   </void>
   <void method="put">
    <string>org.objectstyle.wolips.feature</string>
    <object class="java.util.ArrayList">
     <void method="add">
      <string>http://marketplace.eclipse.org#3248902</string>
     </void>
    </object>
   </void>
   <void method="put">
    <string>com.vaadin.integration.eclipse</string>
    <object class="java.util.ArrayList">
     <void method="add">
      <string>http://marketplace.eclipse.org#1023</string>
     </void>
    </object>
   </void>
   <void method="put">
    <string>com.ibm.osgi.wdt.feature</string>
    <object class="java.util.ArrayList">
     <void method="add">
      <string>http://marketplace.eclipse.org#1778507</string>
     </void>
    </object>
   </void>
   <void method="put">
    <string>com.genuitec.eclipse.code.livepreview.feature</string>
    <object class="java.util.ArrayList">
     <void method="add">
      <string>http://marketplace.eclipse.org#4008412</string>
     </void>
    </object>
   </void>
   <void method="put">
    <string>org.fusesource.ide.server.extensions.feature</string>
    <object class="java.util.ArrayList">
     <void method="add">
      <string>http://marketplace.eclipse.org#1617241</string>
     </void>
    </object>
   </void>
   <void method="put">
    <string>org.fusesource.ide.jmx.feature</string>
    <object class="java.util.ArrayList">
     <void method="add">
      <string>http://marketplace.eclipse.org#1617241</string>
     </void>
    </object>
   </void>
   <void method="put">
    <string>org.eclipse.jst.server_ui.feature</string>
    <object class="java.util.ArrayList">
     <void method="add">
      <string>http://marketplace.eclipse.org#2963451</string>
     </void>
    </object>
   </void>
   <void method="put">
    <string>org.jboss.tools.openshift.cdk.feature</string>
    <object class="java.util.ArrayList">
     <void method="add">
      <string>http://marketplace.eclipse.org#1617241</string>
     </void>
    </object>
   </void>
   <void method="put">
    <string>org.objectstyle.wolips.groovy.feature</string>
    <object class="java.util.ArrayList">
     <void method="add">
      <string>http://marketplace.eclipse.org#3248902</string>
     </void>
    </object>
   </void>
   <void method="put">
    <string>com.wdev91.eclipse.copyright.feature.feature.group</string>
    <object class="java.util.ArrayList">
     <void method="add">
      <string>http://marketplace.eclipse.org#3374223</string>
     </void>
    </object>
   </void>
   <void method="put">
    <string>org.nodeclipse</string>
    <object class="java.util.ArrayList">
     <void method="add">
      <string>http://marketplace.eclipse.org#759140</string>
     </void>
    </object>
   </void>
   <void method="put">
    <string>org.golo-lang.gldt.core.feature</string>
    <object class="java.util.ArrayList">
     <void method="add">
      <string>http://marketplace.eclipse.org#1594555</string>
     </void>
    </object>
   </void>
   <void method="put">
    <string>org.jboss.tools.maven.cdi.feature</string>
    <object class="java.util.ArrayList">
     <void method="add">
      <string>http://marketplace.eclipse.org#1617241</string>
     </void>
    </object>
   </void>
   <void method="put">
    <string>com.vaadin.designer2.eclipse</string>
    <object class="java.util.ArrayList">
     <void method="add">
      <string>http://marketplace.eclipse.org#1023</string>
     </void>
    </object>
   </void>
   <void method="put">
    <string>org.deved.antlride.feature.stringtemplate</string>
    <object class="java.util.ArrayList">
     <void method="add">
      <string>http://marketplace.eclipse.org#1113</string>
     </void>
    </object>
   </void>
   <void method="put">
    <string>org.agileware.natural.jbehave.feature</string>
    <object class="java.util.ArrayList">
     <void method="add">
      <string>http://marketplace.eclipse.org#2427135</string>
     </void>
    </object>
   </void>
   <void method="put">
    <string>org.jactr.tools.feature</string>
    <object class="java.util.ArrayList">
     <void method="add">
      <string>http://marketplace.eclipse.org#7204</string>
     </void>
    </object>
   </void>
   <void method="put">
    <string>org.bonsaimind.arbitrarylines</string>
    <object class="java.util.ArrayList">
     <void method="add">
      <string>http://marketplace.eclipse.org#3269170</string>
     </void>
    </object>
   </void>
   <void method="put">
    <string>gitaddon.feature</string>
    <object class="java.util.ArrayList">
     <void method="add">
      <string>http://marketplace.eclipse.org#759140</string>
     </void>
    </object>
   </void>
   <void method="put">
    <string>org.eclipse.xtend.sdk</string>
    <object class="java.util.ArrayList">
     <void method="add">
      <string>http://marketplace.eclipse.org#148396</string>
     </void>
    </object>
   </void>
   <void method="put">
    <string>org.eclipse.jst.ws.cxf.feature</string>
    <object class="java.util.ArrayList">
     <void method="add">
      <string>http://marketplace.eclipse.org#2963451</string>
     </void>
    </object>
   </void>
   <void method="put">
    <string>org.jboss.tools.jmx.feature</string>
    <object class="java.util.ArrayList">
     <void method="add">
      <string>http://marketplace.eclipse.org#1617241</string>
     </void>
    </object>
   </void>
   <void method="put">
    <string>markdown.editor.feature</string>
    <object class="java.util.ArrayList">
     <void method="add">
      <string>http://marketplace.eclipse.org#759140</string>
     </void>
    </object>
   </void>
   <void method="put">
    <string>org.eclipse.m2e.wtp.jsf.feature</string>
    <object class="java.util.ArrayList">
     <void method="add">
      <string>http://marketplace.eclipse.org#2963451</string>
     </void>
    </object>
   </void>
   <void method="put">
    <string>org.jboss.tools.maven.sourcelookup.feature</string>
    <object class="java.util.ArrayList">
     <void method="add">
      <string>http://marketplace.eclipse.org#1617241</string>
     </void>
    </object>
   </void>
   <void method="put">
    <string>3.0.1</string>
    <object class="java.util.ArrayList">
     <void method="add">
      <string>http://marketplace.eclipse.org#3615136</string>
     </void>
    </object>
   </void>
   <void method="put">
    <string>org.deved.antlride.feature</string>
    <object class="java.util.ArrayList">
     <void method="add">
      <string>http://marketplace.eclipse.org#1113</string>
     </void>
    </object>
   </void>
   <void method="put">
    <string>com.genuitec.eclipse.code.feature</string>
    <object class="java.util.ArrayList">
     <void method="add">
      <string>http://marketplace.eclipse.org#4008412</string>
     </void>
    </object>
   </void>
   <void method="put">
    <string>ro.amiq.dvt.cdt.feature.feature.group</string>
    <object class="java.util.ArrayList">
     <void method="add">
      <string>http://marketplace.eclipse.org#192</string>
     </void>
    </object>
   </void>
   <void method="put">
    <string>org.jboss.tools.forge.feature</string>
    <object class="java.util.ArrayList">
     <void method="add">
      <string>http://marketplace.eclipse.org#1617241</string>
     </void>
    </object>
   </void>
   <void method="put">
    <string>org.eclipse.jst.web_ui.feature</string>
    <object class="java.util.ArrayList">
     <void method="add">
      <string>http://marketplace.eclipse.org#2963451</string>
     </void>
    </object>
   </void>
   <void method="put">
    <string>org.eclipse.wst.xsl.feature</string>
    <object class="java.util.ArrayList">
     <void method="add">
      <string>http://marketplace.eclipse.org#2963451</string>
     </void>
     <void method="add">
      <string>http://marketplace.eclipse.org#2963400</string>
     </void>
    </object>
   </void>
   <void method="put">
    <string>ContextQuickie</string>
    <object class="java.util.ArrayList">
     <void method="add">
      <string>http://marketplace.eclipse.org#2589579</string>
     </void>
    </object>
   </void>
   <void method="put">
    <string>org.jboss.tools.foundation.security.linux.feature</string>
    <object class="java.util.ArrayList">
     <void method="add">
      <string>http://marketplace.eclipse.org#1617241</string>
     </void>
    </object>
   </void>
   <void method="put">
    <string>org.eclipse.jst.enterprise_ui.feature</string>
    <object class="java.util.ArrayList">
     <void method="add">
      <string>http://marketplace.eclipse.org#2963451</string>
     </void>
    </object>
   </void>
   <void method="put">
    <string>org.jboss.tools.openshift.feature</string>
    <object class="java.util.ArrayList">
     <void method="add">
      <string>http://marketplace.eclipse.org#1617241</string>
     </void>
    </object>
   </void>
   <void method="put">
    <string>code.satyagraha.gfm.viewer.feature</string>
    <object class="java.util.ArrayList">
     <void method="add">
      <string>http://marketplace.eclipse.org#900708</string>
     </void>
    </object>
   </void>
   <void method="put">
    <string>org.eclipse.jpt.jaxb.feature</string>
    <object class="java.util.ArrayList">
     <void method="add">
      <string>http://marketplace.eclipse.org#2963451</string>
     </void>
    </object>
   </void>
   <void method="put">
    <string>org.chromium.sdk</string>
    <object class="java.util.ArrayList">
     <void method="add">
      <string>http://marketplace.eclipse.org#759140</string>
     </void>
    </object>
   </void>
   <void method="put">
    <string>org.eclipse.jst.ws.jaxws.dom.feature</string>
    <object class="java.util.ArrayList">
     <void method="add">
      <string>http://marketplace.eclipse.org#2963451</string>
     </void>
    </object>
   </void>
   <void method="put">
    <string>org.eclipse.jst.ws.axis2tools.feature</string>
    <object class="java.util.ArrayList">
     <void method="add">
      <string>http://marketplace.eclipse.org#2963451</string>
     </void>
    </object>
   </void>
   <void method="put">
    <string>org.eclipse.epp.logging.aeri.feature</string>
    <object class="java.util.ArrayList">
     <void method="add">
      <string>http://marketplace.eclipse.org#2963451</string>
     </void>
     <void method="add">
      <string>http://marketplace.eclipse.org#2963400</string>
     </void>
    </object>
   </void>
   <void method="put">
    <string>org.fusesource.ide.syndesis.extension.feature</string>
    <object class="java.util.ArrayList">
     <void method="add">
      <string>http://marketplace.eclipse.org#1617241</string>
     </void>
    </object>
   </void>
   <void method="put">
    <string>org.eclipse.jst.server_adapters.ext.feature</string>
    <object class="java.util.ArrayList">
     <void method="add">
      <string>http://marketplace.eclipse.org#2963451</string>
     </void>
    </object>
   </void>
   <void method="put">
    <string>ro.amiq.dvt.feature</string>
    <object class="java.util.ArrayList">
     <void method="add">
      <string>http://marketplace.eclipse.org#192</string>
     </void>
    </object>
   </void>
   <void method="put">
    <string>org.jvmmonitor</string>
    <object class="java.util.ArrayList">
     <void method="add">
      <string>http://marketplace.eclipse.org#19836</string>
     </void>
    </object>
   </void>
   <void method="put">
    <string>org.jboss.tools.common.jdt.feature</string>
    <object class="java.util.ArrayList">
     <void method="add">
      <string>http://marketplace.eclipse.org#1617241</string>
     </void>
    </object>
   </void>
   <void method="put">
    <string>org.jboss.tools.jst.jsdt.feature</string>
    <object class="java.util.ArrayList">
     <void method="add">
      <string>http://marketplace.eclipse.org#1617241</string>
     </void>
    </object>
   </void>
   <void method="put">
    <string>org.eclipse.jpt.jpa.eclipselink.feature</string>
    <object class="java.util.ArrayList">
     <void method="add">
      <string>http://marketplace.eclipse.org#2963451</string>
     </void>
    </object>
   </void>
   <void method="put">
    <string>de.bastiankrol.startexplorer.feature</string>
    <object class="java.util.ArrayList">
     <void method="add">
      <string>http://marketplace.eclipse.org#759140</string>
     </void>
    </object>
   </void>
   <void method="put">
    <string>org.jboss.tools.vpe.feature</string>
    <object class="java.util.ArrayList">
     <void method="add">
      <string>http://marketplace.eclipse.org#1617241</string>
     </void>
    </object>
   </void>
   <void method="put">
    <string>org.jboss.tools.stacks.core.feature</string>
    <object class="java.util.ArrayList">
     <void method="add">
      <string>http://marketplace.eclipse.org#1617241</string>
     </void>
    </object>
   </void>
   <void method="put">
    <string>org.eclipse.m2e.wtp.jpa.feature</string>
    <object class="java.util.ArrayList">
     <void method="add">
      <string>http://marketplace.eclipse.org#2963451</string>
     </void>
    </object>
   </void>
   <void method="put">
    <string>org.objectstyle.wolips.goodies.feature</string>
    <object class="java.util.ArrayList">
     <void method="add">
      <string>http://marketplace.eclipse.org#3248902</string>
     </void>
    </object>
   </void>
   <void method="put">
    <string>org.eclipse.m2e.logback.feature</string>
    <object class="java.util.ArrayList">
     <void method="add">
      <string>http://marketplace.eclipse.org#2963451</string>
     </void>
    </object>
   </void>
   <void method="put">
    <string>org.eclipse.wst.xml_ui.feature</string>
    <object class="java.util.ArrayList">
     <void method="add">
      <string>http://marketplace.eclipse.org#2963451</string>
     </void>
     <void method="add">
      <string>http://marketplace.eclipse.org#2963400</string>
     </void>
    </object>
   </void>
   <void method="put">
    <string>org.jboss.tools.maven.springboot.feature</string>
    <object class="java.util.ArrayList">
     <void method="add">
      <string>http://marketplace.eclipse.org#1617241</string>
     </void>
    </object>
   </void>
   <void method="put">
    <string>org.agileware.natural.cucumber.feature</string>
    <object class="java.util.ArrayList">
     <void method="add">
      <string>http://marketplace.eclipse.org#2427135</string>
     </void>
    </object>
   </void>
   <void method="put">
    <string>com.jboss.devstudio.fuse.feature</string>
    <object class="java.util.ArrayList">
     <void method="add">
      <string>http://marketplace.eclipse.org#1616973</string>
     </void>
    </object>
   </void>
   <void method="put">
    <string>org.eclipse.jst.ws.jaxws.feature</string>
    <object class="java.util.ArrayList">
     <void method="add">
      <string>http://marketplace.eclipse.org#2963451</string>
     </void>
    </object>
   </void>
   <void method="put">
    <string>org.jboss.tools.central.easymport.feature</string>
    <object class="java.util.ArrayList">
     <void method="add">
      <string>http://marketplace.eclipse.org#1617241</string>
     </void>
    </object>
   </void>
   <void method="put">
    <string>org.fusesource.ide.camel.editor.feature</string>
    <object class="java.util.ArrayList">
     <void method="add">
      <string>http://marketplace.eclipse.org#1617241</string>
     </void>
    </object>
   </void>
   <void method="put">
    <string>com.jaspersoft.studio.feature</string>
    <object class="java.util.ArrayList">
     <void method="add">
      <string>http://marketplace.eclipse.org#8068</string>
     </void>
    </object>
   </void>
   <void method="put">
    <string>org.jboss.tools.jst.angularjs.feature</string>
    <object class="java.util.ArrayList">
     <void method="add">
      <string>http://marketplace.eclipse.org#1617241</string>
     </void>
    </object>
   </void>
   <void method="put">
    <string>com.ibm.wdt.migration.tools.feature</string>
    <object class="java.util.ArrayList">
     <void method="add">
      <string>http://marketplace.eclipse.org#1778507</string>
     </void>
    </object>
   </void>
   <void method="put">
    <string>org.jboss.tools.runtime.core.feature</string>
    <object class="java.util.ArrayList">
     <void method="add">
      <string>http://marketplace.eclipse.org#1617241</string>
     </void>
    </object>
   </void>
   <void method="put">
    <string>tern-feature</string>
    <object class="java.util.ArrayList">
     <void method="add">
      <string>http://marketplace.eclipse.org#759140</string>
     </void>
    </object>
   </void>
   <void method="put">
    <string>org.jboss.tools.batch.feature</string>
    <object class="java.util.ArrayList">
     <void method="add">
      <string>http://marketplace.eclipse.org#1617241</string>
     </void>
    </object>
   </void>
   <void method="put">
    <string>pm.eclipse.editbox.feature</string>
    <object class="java.util.ArrayList">
     <void method="add">
      <string>http://marketplace.eclipse.org#759140</string>
     </void>
    </object>
   </void>
   <void method="put">
    <string>org.jboss.tools.cdi.deltaspike.feature</string>
    <object class="java.util.ArrayList">
     <void method="add">
      <string>http://marketplace.eclipse.org#1617241</string>
     </void>
    </object>
   </void>
   <void method="put">
    <string>org.hibernate.eclipse.feature</string>
    <object class="java.util.ArrayList">
     <void method="add">
      <string>http://marketplace.eclipse.org#1617241</string>
     </void>
    </object>
   </void>
   <void method="put">
    <string>de.fu_berlin.inf.dpp.feature</string>
    <object class="java.util.ArrayList">
     <void method="add">
      <string>http://marketplace.eclipse.org#856887</string>
     </void>
    </object>
   </void>
   <void method="put">
    <string>org.eclipse.jst.server_adapters.feature</string>
    <object class="java.util.ArrayList">
     <void method="add">
      <string>http://marketplace.eclipse.org#2963451</string>
     </void>
    </object>
   </void>
   <void method="put">
    <string>com.jboss.devstudio.core.feature</string>
    <object class="java.util.ArrayList">
     <void method="add">
      <string>http://marketplace.eclipse.org#1616973</string>
     </void>
    </object>
   </void>
   <void method="put">
    <string>org.eclipse.jst.webpageeditor.feature</string>
    <object class="java.util.ArrayList">
     <void method="add">
      <string>http://marketplace.eclipse.org#2963451</string>
     </void>
    </object>
   </void>
   <void method="put">
    <string>org.jboss.tools.maven.jbosspackaging.feature</string>
    <object class="java.util.ArrayList">
     <void method="add">
      <string>http://marketplace.eclipse.org#1617241</string>
     </void>
    </object>
   </void>
   <void method="put">
    <string>org.jboss.tools.forge.ext.feature</string>
    <object class="java.util.ArrayList">
     <void method="add">
      <string>http://marketplace.eclipse.org#1617241</string>
     </void>
    </object>
   </void>
   <void method="put">
    <string>org.jactr.core.feature</string>
    <object class="java.util.ArrayList">
     <void method="add">
      <string>http://marketplace.eclipse.org#7204</string>
     </void>
    </object>
   </void>
   <void method="put">
    <string>org.objectstyle.wolips.jrebel.feature</string>
    <object class="java.util.ArrayList">
     <void method="add">
      <string>http://marketplace.eclipse.org#3248902</string>
     </void>
    </object>
   </void>
   <void method="put">
    <string>org.scalastyle.scalastyleplugin.feature</string>
    <object class="java.util.ArrayList">
     <void method="add">
      <string>http://marketplace.eclipse.org#1252712</string>
     </void>
    </object>
   </void>
   <void method="put">
    <string>org.objectstyle.wolips.jprofiler.feature</string>
    <object class="java.util.ArrayList">
     <void method="add">
      <string>http://marketplace.eclipse.org#3248902</string>
     </void>
    </object>
   </void>
   <void method="put">
    <string>com.ibm.websphere.wdt.st.v85</string>
    <object class="java.util.ArrayList">
     <void method="add">
      <string>http://marketplace.eclipse.org#1778507</string>
     </void>
    </object>
   </void>
   <void method="put">
    <string>org.jboss.tools.jsf.feature</string>
    <object class="java.util.ArrayList">
     <void method="add">
      <string>http://marketplace.eclipse.org#1617241</string>
     </void>
    </object>
   </void>
   <void method="put">
    <string>org.jboss.tools.openshift.js.feature</string>
    <object class="java.util.ArrayList">
     <void method="add">
      <string>http://marketplace.eclipse.org#1617241</string>
     </void>
    </object>
   </void>
   <void method="put">
    <string>net.mihai-nita.ansicon</string>
    <object class="java.util.ArrayList">
     <void method="add">
      <string>http://marketplace.eclipse.org#759140</string>
     </void>
    </object>
   </void>
   <void method="put">
    <string>org.eclipse.acceleo.sdk</string>
    <object class="java.util.ArrayList">
     <void method="add">
      <string>http://marketplace.eclipse.org#195</string>
     </void>
    </object>
   </void>
   <void method="put">
    <string>com.genuitec.eclipse.code.extended.feature</string>
    <object class="java.util.ArrayList">
     <void method="add">
      <string>http://marketplace.eclipse.org#4008412</string>
     </void>
    </object>
   </void>
   <void method="put">
    <string>org.fusesource.ide.core.feature</string>
    <object class="java.util.ArrayList">
     <void method="add">
      <string>http://marketplace.eclipse.org#1617241</string>
     </void>
    </object>
   </void>
   <void method="put">
    <string>de.it_economics.eclipse.feature.timer</string>
    <object class="java.util.ArrayList">
     <void method="add">
      <string>http://marketplace.eclipse.org#3813505</string>
     </void>
    </object>
   </void>
   <void method="put">
    <string>org.nodeclipse.enide.editors.jade.feature</string>
    <object class="java.util.ArrayList">
     <void method="add">
      <string>http://marketplace.eclipse.org#759140</string>
     </void>
    </object>
   </void>
   <void method="put">
    <string>com.ibm.wdt.ast.ws.tools.feature</string>
    <object class="java.util.ArrayList">
     <void method="add">
      <string>http://marketplace.eclipse.org#1778507</string>
     </void>
    </object>
   </void>
   <void method="put">
    <string>org.eclipse.wst.server_adapters.feature</string>
    <object class="java.util.ArrayList">
     <void method="add">
      <string>http://marketplace.eclipse.org#2963451</string>
     </void>
    </object>
   </void>
   <void method="put">
    <string>org.jactr.modules.feature</string>
    <object class="java.util.ArrayList">
     <void method="add">
      <string>http://marketplace.eclipse.org#7204</string>
     </void>
    </object>
   </void>
   <void method="put">
    <string>com.google.eclipse.protobuf</string>
    <object class="java.util.ArrayList">
     <void method="add">
      <string>http://marketplace.eclipse.org#100598</string>
     </void>
    </object>
   </void>
   <void method="put">
    <string>com.worldline.appprofiles.wizard</string>
    <object class="java.util.ArrayList">
     <void method="add">
      <string>http://marketplace.eclipse.org#1446364</string>
     </void>
    </object>
   </void>
   <void method="put">
    <string>org.eclipse.m2e.wtp.jaxrs.feature</string>
    <object class="java.util.ArrayList">
     <void method="add">
      <string>http://marketplace.eclipse.org#2963451</string>
     </void>
    </object>
   </void>
   <void method="put">
    <string>com.eclipsesource.jshint.feature</string>
    <object class="java.util.ArrayList">
     <void method="add">
      <string>http://marketplace.eclipse.org#759140</string>
     </void>
    </object>
   </void>
   <void method="put">
    <string>cucumber.eclipse.feature</string>
    <object class="java.util.ArrayList">
     <void method="add">
      <string>http://marketplace.eclipse.org#3759385</string>
     </void>
    </object>
   </void>
   <void method="put">
    <string>org.deved.antlride.feature.gunit</string>
    <object class="java.util.ArrayList">
     <void method="add">
      <string>http://marketplace.eclipse.org#1113</string>
     </void>
    </object>
   </void>
   <void method="put">
    <string>org.jboss.tools.community.central.feature</string>
    <object class="java.util.ArrayList">
     <void method="add">
      <string>http://marketplace.eclipse.org#1617241</string>
     </void>
    </object>
   </void>
   <void method="put">
    <string>com.genuitec.eclipse.code.angular.feature</string>
    <object class="java.util.ArrayList">
     <void method="add">
      <string>http://marketplace.eclipse.org#4008412</string>
     </void>
    </object>
   </void>
   <void method="put">
    <string>org.eclipse.acceleo</string>
    <object class="java.util.ArrayList">
     <void method="add">
      <string>http://marketplace.eclipse.org#195</string>
     </void>
    </object>
   </void>
   <void method="put">
    <string>org.jboss.tools.maven.hibernate.feature</string>
    <object class="java.util.ArrayList">
     <void method="add">
      <string>http://marketplace.eclipse.org#1617241</string>
     </void>
    </object>
   </void>
   <void method="put">
    <string>org.jactr.io.feature</string>
    <object class="java.util.ArrayList">
     <void method="add">
      <string>http://marketplace.eclipse.org#7204</string>
     </void>
    </object>
   </void>
   <void method="put">
    <string>no.esito.g9.dbimport.feature</string>
    <object class="java.util.ArrayList">
     <void method="add">
      <string>http://marketplace.eclipse.org#3072599</string>
     </void>
    </object>
   </void>
   <void method="put">
    <string>org.eclipse.jst.jsf.apache.trinidad.tagsupport.feature</string>
    <object class="java.util.ArrayList">
     <void method="add">
      <string>http://marketplace.eclipse.org#2963451</string>
     </void>
    </object>
   </void>
   <void method="put">
    <string>com.typesafe.hocon.sdk</string>
    <object class="java.util.ArrayList">
     <void method="add">
      <string>http://marketplace.eclipse.org#2607663</string>
     </void>
    </object>
   </void>
   <void method="put">
    <string>org.jactr.eclipse.tools</string>
    <object class="java.util.ArrayList">
     <void method="add">
      <string>http://marketplace.eclipse.org#7205</string>
     </void>
    </object>
   </void>
   <void method="put">
    <string>org.jboss.ide.eclipse.as.feature</string>
    <object class="java.util.ArrayList">
     <void method="add">
      <string>http://marketplace.eclipse.org#1617241</string>
     </void>
    </object>
   </void>
   <void method="put">
    <string>org.jactr.eclipse.feature</string>
    <object class="java.util.ArrayList">
     <void method="add">
      <string>http://marketplace.eclipse.org#7205</string>
     </void>
    </object>
   </void>
   <void method="put">
    <string>org.jboss.ide.eclipse.archives.feature</string>
    <object class="java.util.ArrayList">
     <void method="add">
      <string>http://marketplace.eclipse.org#1617241</string>
     </void>
    </object>
   </void>
   <void method="put">
    <string>org.jboss.tools.usage.feature</string>
    <object class="java.util.ArrayList">
     <void method="add">
      <string>http://marketplace.eclipse.org#1617241</string>
     </void>
    </object>
   </void>
   <void method="put">
    <string>org.jboss.tools.wtp.runtimes.tomcat.feature</string>
    <object class="java.util.ArrayList">
     <void method="add">
      <string>http://marketplace.eclipse.org#1617241</string>
     </void>
    </object>
   </void>
   <void method="put">
    <string>tern-jsdt-feature</string>
    <object class="java.util.ArrayList">
     <void method="add">
      <string>http://marketplace.eclipse.org#759140</string>
     </void>
    </object>
   </void>
   <void method="put">
    <string>org.jboss.tools.community.project.examples.feature</string>
    <object class="java.util.ArrayList">
     <void method="add">
      <string>http://marketplace.eclipse.org#1617241</string>
     </void>
    </object>
   </void>
   <void method="put">
    <string>org.jboss.tools.maven.apt.feature</string>
    <object class="java.util.ArrayList">
     <void method="add">
      <string>http://marketplace.eclipse.org#1617241</string>
     </void>
    </object>
   </void>
   <void method="put">
    <string>org.golo-lang.gldt.runtime.feature</string>
    <object class="java.util.ArrayList">
     <void method="add">
      <string>http://marketplace.eclipse.org#1594555</string>
     </void>
    </object>
   </void>
   <void method="put">
    <string>org.eclipse.jpt.common.eclipselink.feature</string>
    <object class="java.util.ArrayList">
     <void method="add">
      <string>http://marketplace.eclipse.org#2963451</string>
     </void>
    </object>
   </void>
   <void method="put">
    <string>com.genuitec.eclipse.code.slack.feature</string>
    <object class="java.util.ArrayList">
     <void method="add">
      <string>http://marketplace.eclipse.org#4008412</string>
     </void>
    </object>
   </void>
   <void method="put">
    <string>com.ibm.java.diagnostics.visualizer.feature</string>
    <object class="java.util.ArrayList">
     <void method="add">
      <string>http://marketplace.eclipse.org#1496765</string>
     </void>
    </object>
   </void>
   <void method="put">
    <string>org.jboss.tools.maven.feature</string>
    <object class="java.util.ArrayList">
     <void method="add">
      <string>http://marketplace.eclipse.org#1617241</string>
     </void>
    </object>
   </void>
   <void method="put">
    <string>org.jactr.support.feature</string>
    <object class="java.util.ArrayList">
     <void method="add">
      <string>http://marketplace.eclipse.org#7204</string>
     </void>
    </object>
   </void>
   <void method="put">
    <string>org.jboss.tools.openshift.egit.integration.feature</string>
    <object class="java.util.ArrayList">
     <void method="add">
      <string>http://marketplace.eclipse.org#1617241</string>
     </void>
    </object>
   </void>
   <void method="put">
    <string>org.eclipse.wst.xml.xpath2.processor.feature</string>
    <object class="java.util.ArrayList">
     <void method="add">
      <string>http://marketplace.eclipse.org#2963451</string>
     </void>
     <void method="add">
      <string>http://marketplace.eclipse.org#2963400</string>
     </void>
    </object>
   </void>
   <void method="put">
    <string>org.jboss.tools.maven.jdt.feature</string>
    <object class="java.util.ArrayList">
     <void method="add">
      <string>http://marketplace.eclipse.org#1617241</string>
     </void>
    </object>
   </void>
   <void method="put">
    <string>org.chromium.debug</string>
    <object class="java.util.ArrayList">
     <void method="add">
      <string>http://marketplace.eclipse.org#759140</string>
     </void>
    </object>
   </void>
   <void method="put">
    <string>org.jboss.tools.jst.feature</string>
    <object class="java.util.ArrayList">
     <void method="add">
      <string>http://marketplace.eclipse.org#1617241</string>
     </void>
    </object>
   </void>
   <void method="put">
    <string>org.nodeclipse.pluginslist.feature</string>
    <object class="java.util.ArrayList">
     <void method="add">
      <string>http://marketplace.eclipse.org#759140</string>
     </void>
    </object>
   </void>
   <void method="put">
    <string>org.eclipse.wst.jsdt.feature</string>
    <object class="java.util.ArrayList">
     <void method="add">
      <string>http://marketplace.eclipse.org#2963451</string>
     </void>
     <void method="add">
      <string>http://marketplace.eclipse.org#2963400</string>
     </void>
    </object>
   </void>
   <void method="put">
    <string>org.jboss.tools.richfaces.feature</string>
    <object class="java.util.ArrayList">
     <void method="add">
      <string>http://marketplace.eclipse.org#1617241</string>
     </void>
    </object>
   </void>
  </void>
  <void property="nodeKeyToIU">
   <void method="put">
    <string>http://marketplace.eclipse.org#1252712</string>
    <object class="java.util.ArrayList">
     <void method="add">
      <string>org.scalastyle.scalastyleplugin.feature</string>
     </void>
    </object>
   </void>
   <void method="put">
    <string>http://marketplace.eclipse.org#759140</string>
    <object class="java.util.ArrayList">
     <void method="add">
      <string>org.nodeclipse.pluginslist.feature</string>
     </void>
     <void method="add">
      <string>org.nodeclipse</string>
     </void>
     <void method="add">
      <string>org.nodeclipse.enide.editors.jade.feature</string>
     </void>
     <void method="add">
      <string>org.chromium.debug</string>
     </void>
     <void method="add">
      <string>org.chromium.sdk</string>
     </void>
     <void method="add">
      <string>com.eclipsesource.jshint.feature</string>
     </void>
     <void method="add">
      <string>markdown.editor.feature</string>
     </void>
     <void method="add">
      <string>de.bastiankrol.startexplorer.feature</string>
     </void>
     <void method="add">
      <string>gitaddon.feature</string>
     </void>
     <void method="add">
      <string>net.mihai-nita.ansicon</string>
     </void>
     <void method="add">
      <string>pm.eclipse.editbox.feature</string>
     </void>
     <void method="add">
      <string>tern-feature</string>
     </void>
     <void method="add">
      <string>tern-jsdt-feature</string>
     </void>
     <void method="add">
      <string>tern-server-nodejs-feature</string>
     </void>
    </object>
   </void>
   <void method="put">
    <string>http://marketplace.eclipse.org#3394048</string>
    <object class="java.util.ArrayList">
     <void method="add">
      <string>org.eclipse.wildwebdeveloper.feature</string>
     </void>
    </object>
   </void>
   <void method="put">
    <string>http://marketplace.eclipse.org#1446364</string>
    <object class="java.util.ArrayList">
     <void method="add">
      <string>com.worldline.appprofiles.wizard</string>
     </void>
    </object>
   </void>
   <void method="put">
    <string>http://marketplace.eclipse.org#1594555</string>
    <object class="java.util.ArrayList">
     <void method="add">
      <string>org.golo-lang.gldt.core.feature</string>
     </void>
     <void method="add">
      <string>org.golo-lang.gldt.runtime.feature</string>
     </void>
    </object>
   </void>
   <void method="put">
    <string>http://marketplace.eclipse.org#945</string>
    <object class="java.util.ArrayList">
     <void method="add">
      <string>org.antlr.v4</string>
     </void>
     <void method="add">
      <string>jsonedit-feature</string>
     </void>
    </object>
   </void>
   <void method="put">
    <string>http://marketplace.eclipse.org#2963451</string>
    <object class="java.util.ArrayList">
     <void method="add">
      <string>org.eclipse.jst.enterprise_ui.feature</string>
     </void>
     <void method="add">
      <string>org.eclipse.jpt.common.eclipselink.feature</string>
     </void>
     <void method="add">
      <string>org.eclipse.jst.server_adapters.ext.feature</string>
     </void>
     <void method="add">
      <string>org.eclipse.jpt.dbws.eclipselink.feature</string>
     </void>
     <void method="add">
      <string>org.eclipse.jpt.jaxb.eclipselink.feature</string>
     </void>
     <void method="add">
      <string>org.eclipse.jpt.jaxb.feature</string>
     </void>
     <void method="add">
      <string>org.eclipse.jpt.jpa.eclipselink.feature</string>
     </void>
     <void method="add">
      <string>org.eclipse.jsf.feature</string>
     </void>
     <void method="add">
      <string>org.eclipse.jst.jsf.apache.trinidad.tagsupport.feature</string>
     </void>
     <void method="add">
      <string>org.eclipse.jst.server_adapters.feature</string>
     </void>
     <void method="add">
      <string>org.eclipse.jst.server_ui.feature</string>
     </void>
     <void method="add">
      <string>org.eclipse.jst.webpageeditor.feature</string>
     </void>
     <void method="add">
      <string>org.eclipse.jst.web_ui.feature</string>
     </void>
     <void method="add">
      <string>org.eclipse.jst.ws.axis2tools.feature</string>
     </void>
     <void method="add">
      <string>org.eclipse.jst.ws.cxf.feature</string>
     </void>
     <void method="add">
      <string>org.eclipse.jst.ws.jaxws.dom.feature</string>
     </void>
     <void method="add">
      <string>org.eclipse.jst.ws.jaxws.feature</string>
     </void>
     <void method="add">
      <string>org.eclipse.wst.jsdt.feature</string>
     </void>
     <void method="add">
      <string>org.eclipse.wst.server_adapters.feature</string>
     </void>
     <void method="add">
      <string>org.eclipse.m2e.wtp.feature</string>
     </void>
     <void method="add">
      <string>org.eclipse.wst.xsl.feature</string>
     </void>
     <void method="add">
      <string>org.eclipse.egit</string>
     </void>
     <void method="add">
      <string>org.eclipse.cvs</string>
     </void>
     <void method="add">
      <string>org.eclipse.wst.web_ui.feature</string>
     </void>
     <void method="add">
      <string>org.eclipse.wst.xml_ui.feature</string>
     </void>
     <void method="add">
      <string>org.eclipse.jpt.common.feature</string>
     </void>
     <void method="add">
      <string>org.eclipse.epp.logging.aeri.feature</string>
     </void>
     <void method="add">
      <string>org.eclipse.m2e.logback.feature</string>
     </void>
     <void method="add">
      <string>org.eclipse.m2e.wtp.jaxrs.feature</string>
     </void>
     <void method="add">
      <string>org.eclipse.m2e.wtp.jpa.feature</string>
     </void>
     <void method="add">
      <string>org.eclipse.m2e.wtp.jsf.feature</string>
     </void>
     <void method="add">
      <string>org.eclipse.wst.xml.xpath2.processor.feature</string>
     </void>
    </object>
   </void>
   <void method="put">
    <string>http://marketplace.eclipse.org#19836</string>
    <object class="java.util.ArrayList">
     <void method="add">
      <string>org.jvmmonitor</string>
     </void>
    </object>
   </void>
   <void method="put">
    <string>http://marketplace.eclipse.org#148396</string>
    <object class="java.util.ArrayList">
     <void method="add">
      <string>org.eclipse.xtend.sdk</string>
     </void>
    </object>
   </void>
   <void method="put">
    <string>http://marketplace.eclipse.org#3269170</string>
    <object class="java.util.ArrayList">
     <void method="add">
      <string>org.bonsaimind.arbitrarylines</string>
     </void>
    </object>
   </void>
   <void method="put">
    <string>http://marketplace.eclipse.org#2589579</string>
    <object class="java.util.ArrayList">
     <void method="add">
      <string>ContextQuickie</string>
     </void>
    </object>
   </void>
   <void method="put">
    <string>http://marketplace.eclipse.org#3759385</string>
    <object class="java.util.ArrayList">
     <void method="add">
      <string>cucumber.eclipse.feature</string>
     </void>
    </object>
   </void>
   <void method="put">
    <string>http://marketplace.eclipse.org#100598</string>
    <object class="java.util.ArrayList">
     <void method="add">
      <string>com.google.eclipse.protobuf</string>
     </void>
    </object>
   </void>
   <void method="put">
    <string>http://marketplace.eclipse.org#1003</string>
    <object class="java.util.ArrayList">
     <void method="add">
      <string>ch.netcetera.eclipse.workspaceconfig.feature</string>
     </void>
    </object>
   </void>
   <void method="put">
    <string>http://marketplace.eclipse.org#856887</string>
    <object class="java.util.ArrayList">
     <void method="add">
      <string>de.fu_berlin.inf.dpp.feature</string>
     </void>
    </object>
   </void>
   <void method="put">
    <string>http://marketplace.eclipse.org#7205</string>
    <object class="java.util.ArrayList">
     <void method="add">
      <string>org.jactr.eclipse.feature</string>
     </void>
     <void method="add">
      <string>org.jactr.eclipse.tools</string>
     </void>
    </object>
   </void>
   <void method="put">
    <string>http://marketplace.eclipse.org#7204</string>
    <object class="java.util.ArrayList">
     <void method="add">
      <string>org.commonreality.core.feature</string>
     </void>
     <void method="add">
      <string>org.jactr.core.feature</string>
     </void>
     <void method="add">
      <string>org.jactr.io.feature</string>
     </void>
     <void method="add">
      <string>org.jactr.support.feature</string>
     </void>
     <void method="add">
      <string>org.jactr.tools.feature</string>
     </void>
     <void method="add">
      <string>org.jactr.modules.feature</string>
     </void>
    </object>
   </void>
   <void method="put">
    <string>http://marketplace.eclipse.org#1778507</string>
    <object class="java.util.ArrayList">
     <void method="add">
      <string>com.ibm.websphere.wdt.st.v85</string>
     </void>
     <void method="add">
      <string>com.ibm.wdt.migration.tools.feature</string>
     </void>
     <void method="add">
      <string>com.ibm.wdt.ast.ws.tools.feature</string>
     </void>
     <void method="add">
      <string>com.ibm.osgi.wdt.feature</string>
     </void>
    </object>
   </void>
   <void method="put">
    <string>http://marketplace.eclipse.org#1023</string>
    <object class="java.util.ArrayList">
     <void method="add">
      <string>com.vaadin.integration.eclipse</string>
     </void>
     <void method="add">
      <string>com.vaadin.designer2.eclipse</string>
     </void>
     <void method="add">
      <string>com.vaadin.designer.eclipse</string>
     </void>
    </object>
   </void>
   <void method="put">
    <string>http://marketplace.eclipse.org#2607663</string>
    <object class="java.util.ArrayList">
     <void method="add">
      <string>com.typesafe.hocon.sdk</string>
     </void>
    </object>
   </void>
   <void method="put">
    <string>http://marketplace.eclipse.org#3374223</string>
    <object class="java.util.ArrayList">
     <void method="add">
      <string>com.wdev91.eclipse.copyright.feature.feature.group</string>
     </void>
    </object>
   </void>
   <void method="put">
    <string>http://marketplace.eclipse.org#195</string>
    <object class="java.util.ArrayList">
     <void method="add">
      <string>org.eclipse.acceleo.sdk</string>
     </void>
     <void method="add">
      <string>org.eclipse.acceleo</string>
     </void>
    </object>
   </void>
   <void method="put">
    <string>http://marketplace.eclipse.org#3248902</string>
    <object class="java.util.ArrayList">
     <void method="add">
      <string>org.objectstyle.wolips.feature</string>
     </void>
     <void method="add">
      <string>org.objectstyle.wolips.groovy.feature</string>
     </void>
     <void method="add">
      <string>org.objectstyle.wolips.goodies.feature</string>
     </void>
     <void method="add">
      <string>org.objectstyle.wolips.jrebel.feature</string>
     </void>
     <void method="add">
      <string>org.objectstyle.wolips.jprofiler.feature</string>
     </void>
    </object>
   </void>
   <void method="put">
    <string>http://marketplace.eclipse.org#2760117</string>
    <object class="java.util.ArrayList">
     <void method="add">
      <string>com.aspose.cells.java.maven</string>
     </void>
    </object>
   </void>
   <void method="put">
    <string>http://marketplace.eclipse.org#2289940</string>
    <object class="java.util.ArrayList">
     <void method="add">
      <string>org.oneclicklabs.hbase.plugin</string>
     </void>
    </object>
   </void>
   <void method="put">
    <string>http://marketplace.eclipse.org#1616973</string>
    <object class="java.util.ArrayList">
     <void method="add">
      <string>com.jboss.devstudio.core.feature</string>
     </void>
     <void method="add">
      <string>com.jboss.devstudio.fuse.feature</string>
     </void>
    </object>
   </void>
   <void method="put">
    <string>http://marketplace.eclipse.org#4014208</string>
    <object class="java.util.ArrayList">
     <void method="add">
      <string>org.eclipse.payara.tools</string>
     </void>
    </object>
   </void>
   <void method="put">
    <string>http://marketplace.eclipse.org#900708</string>
    <object class="java.util.ArrayList">
     <void method="add">
      <string>code.satyagraha.gfm.viewer.feature</string>
     </void>
    </object>
   </void>
   <void method="put">
    <string>http://marketplace.eclipse.org#8068</string>
    <object class="java.util.ArrayList">
     <void method="add">
      <string>com.jaspersoft.studio.feature</string>
     </void>
    </object>
   </void>
   <void method="put">
    <string>http://marketplace.eclipse.org#6780</string>
    <object class="java.util.ArrayList">
     <void method="add">
      <string>org.openl.rules.all.eclipse.feature</string>
     </void>
    </object>
   </void>
   <void method="put">
    <string>http://marketplace.eclipse.org#1617241</string>
    <object class="java.util.ArrayList">
     <void method="add">
      <string>org.jboss.tools.usage.feature</string>
     </void>
     <void method="add">
      <string>org.fusesource.ide.camel.editor.feature</string>
     </void>
     <void method="add">
      <string>org.fusesource.ide.core.feature</string>
     </void>
     <void method="add">
      <string>org.fusesource.ide.jmx.feature</string>
     </void>
     <void method="add">
      <string>org.fusesource.ide.server.extensions.feature</string>
     </void>
     <void method="add">
      <string>org.fusesource.ide.syndesis.extension.feature</string>
     </void>
     <void method="add">
      <string>org.hibernate.eclipse.feature</string>
     </void>
     <void method="add">
      <string>org.jboss.ide.eclipse.archives.feature</string>
     </void>
     <void method="add">
      <string>org.jboss.ide.eclipse.as.feature</string>
     </void>
     <void method="add">
      <string>org.jboss.tools.batch.feature</string>
     </void>
     <void method="add">
      <string>org.jboss.tools.cdi.deltaspike.feature</string>
     </void>
     <void method="add">
      <string>org.jboss.tools.cdi.feature</string>
     </void>
     <void method="add">
      <string>org.jboss.tools.central.easymport.feature</string>
     </void>
     <void method="add">
      <string>org.jboss.tools.common.jdt.feature</string>
     </void>
     <void method="add">
      <string>org.jboss.tools.community.central.feature</string>
     </void>
     <void method="add">
      <string>org.jboss.tools.community.project.examples.feature</string>
     </void>
     <void method="add">
      <string>org.jboss.tools.forge.ext.feature</string>
     </void>
     <void method="add">
      <string>org.jboss.tools.forge.feature</string>
     </void>
     <void method="add">
      <string>org.jboss.tools.forge.m2e.feature</string>
     </void>
     <void method="add">
      <string>org.jboss.tools.foundation.feature</string>
     </void>
     <void method="add">
      <string>org.jboss.tools.foundation.security.linux.feature</string>
     </void>
     <void method="add">
      <string>org.jboss.tools.fuse.transformation.feature</string>
     </void>
     <void method="add">
      <string>org.jboss.tools.jmx.feature</string>
     </void>
     <void method="add">
      <string>org.jboss.tools.jsf.feature</string>
     </void>
     <void method="add">
      <string>org.jboss.tools.jst.angularjs.feature</string>
     </void>
     <void method="add">
      <string>org.jboss.tools.jst.feature</string>
     </void>
     <void method="add">
      <string>org.jboss.tools.jst.jsdt.feature</string>
     </void>
     <void method="add">
      <string>org.jboss.tools.maven.apt.feature</string>
     </void>
     <void method="add">
      <string>org.jboss.tools.maven.cdi.feature</string>
     </void>
     <void method="add">
      <string>org.jboss.tools.maven.feature</string>
     </void>
     <void method="add">
      <string>org.jboss.tools.maven.hibernate.feature</string>
     </void>
     <void method="add">
      <string>org.jboss.tools.maven.jbosspackaging.feature</string>
     </void>
     <void method="add">
      <string>org.jboss.tools.maven.jdt.feature</string>
     </void>
     <void method="add">
      <string>org.jboss.tools.maven.project.examples.feature</string>
     </void>
     <void method="add">
      <string>org.jboss.tools.maven.sourcelookup.feature</string>
     </void>
     <void method="add">
      <string>org.jboss.tools.maven.springboot.feature</string>
     </void>
     <void method="add">
      <string>org.jboss.tools.openshift.cdk.feature</string>
     </void>
     <void method="add">
      <string>org.jboss.tools.openshift.egit.integration.feature</string>
     </void>
     <void method="add">
      <string>org.jboss.tools.openshift.feature</string>
     </void>
     <void method="add">
      <string>org.jboss.tools.openshift.io.feature</string>
     </void>
     <void method="add">
      <string>org.jboss.tools.openshift.js.feature</string>
     </void>
     <void method="add">
      <string>org.jboss.tools.project.examples.feature</string>
     </void>
     <void method="add">
      <string>org.jboss.tools.richfaces.feature</string>
     </void>
     <void method="add">
      <string>org.jboss.tools.runtime.core.feature</string>
     </void>
     <void method="add">
      <string>org.jboss.tools.stacks.core.feature</string>
     </void>
     <void method="add">
      <string>org.jboss.tools.vpe.feature</string>
     </void>
     <void method="add">
      <string>org.jboss.tools.websockets.feature</string>
     </void>
     <void method="add">
      <string>org.jboss.tools.ws.jaxrs.feature</string>
     </void>
     <void method="add">
      <string>org.jboss.tools.ws.jaxws.feature</string>
     </void>
     <void method="add">
      <string>org.jboss.tools.wtp.runtimes.tomcat.feature</string>
     </void>
    </object>
   </void>
   <void method="put">
    <string>http://marketplace.eclipse.org#4008412</string>
    <object class="java.util.ArrayList">
     <void method="add">
      <string>com.genuitec.eclipse.code.feature</string>
     </void>
     <void method="add">
      <string>com.genuitec.eclipse.code.angular.feature</string>
     </void>
     <void method="add">
      <string>com.genuitec.eclipse.code.extended.feature</string>
     </void>
     <void method="add">
      <string>com.genuitec.eclipse.code.livepreview.feature</string>
     </void>
     <void method="add">
      <string>com.genuitec.eclipse.code.navigation.feature</string>
     </void>
     <void method="add">
      <string>com.genuitec.eclipse.code.slack.feature</string>
     </void>
    </object>
   </void>
   <void method="put">
    <string>http://marketplace.eclipse.org#2427135</string>
    <object class="java.util.ArrayList">
     <void method="add">
      <string>org.agileware.natural.cucumber.feature</string>
     </void>
     <void method="add">
      <string>org.agileware.natural.jbehave.feature</string>
     </void>
    </object>
   </void>
   <void method="put">
    <string>http://marketplace.eclipse.org#3615136</string>
    <object class="java.util.ArrayList">
     <void method="add">
      <string>3.0.1</string>
     </void>
    </object>
   </void>
   <void method="put">
    <string>http://marketplace.eclipse.org#3813505</string>
    <object class="java.util.ArrayList">
     <void method="add">
      <string>de.it_economics.eclipse.feature.timer</string>
     </void>
    </object>
   </void>
   <void method="put">
    <string>http://marketplace.eclipse.org#2963400</string>
    <object class="java.util.ArrayList">
     <void method="add">
      <string>org.eclipse.wst.web_ui.feature</string>
     </void>
     <void method="add">
      <string>org.eclipse.wst.xml_ui.feature</string>
     </void>
     <void method="add">
      <string>org.eclipse.wst.jsdt.feature</string>
     </void>
     <void method="add">
      <string>org.eclipse.egit</string>
     </void>
     <void method="add">
      <string>org.eclipse.cvs</string>
     </void>
     <void method="add">
      <string>org.eclipse.wst.xsl.feature</string>
     </void>
     <void method="add">
      <string>org.eclipse.epp.logging.aeri.feature</string>
     </void>
     <void method="add">
      <string>org.eclipse.wst.xml.xpath2.processor.feature</string>
     </void>
    </object>
   </void>
   <void method="put">
    <string>http://marketplace.eclipse.org#1113</string>
    <object class="java.util.ArrayList">
     <void method="add">
      <string>org.deved.antlride.feature</string>
     </void>
     <void method="add">
      <string>org.deved.antlride.feature.integration.jdt</string>
     </void>
     <void method="add">
      <string>org.deved.antlride.feature.gunit</string>
     </void>
     <void method="add">
      <string>org.deved.antlride.feature.stringtemplate</string>
     </void>
     <void method="add">
      <string>org.deved.antlride.feature.viz</string>
     </void>
    </object>
   </void>
   <void method="put">
    <string>http://marketplace.eclipse.org#1496765</string>
    <object class="java.util.ArrayList">
     <void method="add">
      <string>com.ibm.java.diagnostics.visualizer.feature</string>
     </void>
    </object>
   </void>
   <void method="put">
    <string>http://marketplace.eclipse.org#1675077</string>
    <object class="java.util.ArrayList">
     <void method="add">
      <string>com.wakatime.eclipse.feature</string>
     </void>
    </object>
   </void>
   <void method="put">
    <string>http://marketplace.eclipse.org#2257536</string>
    <object class="java.util.ArrayList">
     <void method="add">
      <string>org.jetbrains.kotlin.feature</string>
     </void>
    </object>
   </void>
   <void method="put">
    <string>http://marketplace.eclipse.org#3072599</string>
    <object class="java.util.ArrayList">
     <void method="add">
      <string>no.esito.g9.dbimport.feature</string>
     </void>
    </object>
   </void>
   <void method="put">
    <string>http://marketplace.eclipse.org#192</string>
    <object class="java.util.ArrayList">
     <void method="add">
      <string>ro.amiq.dvt.feature</string>
     </void>
     <void method="add">
      <string>com.mbartl.eclipse.viplugin.feature.feature.group</string>
     </void>
     <void method="add">
      <string>ro.amiq.dvt.cdt.feature.feature.group</string>
     </void>
    </object>
   </void>
  </void>
 </object>
</java>
